timestamp, clocks.current.sm [MHz], clocks.current.memory [MHz], power.draw [W], temperature.gpu, utilization.gpu [%]
2026/10/05 14:09:03.421, 945 MHz, 6251 MHz, 26.61 W, 42, 0 %
2026/10/05 14:09:08.426, 2040 MHz, 6251 MHz, 27.37 W, 43, 0 %
2026/10/05 14:09:13.426, 2040 MHz, 6251 MHz, 27.55 W, 43, 0 %
2026/10/05 14:09:18.427, 2040 MHz, 6251 MHz, 28.03 W, 44, 0 %
2026/10/05 14:09:23.428, 2040 MHz, 6251 MHz, 29.87 W, 44, 1 %
2026/10/05 14:09:28.429, 2040 MHz, 6251 MHz, 36.76 W, 45, 0 %
2026/10/05 14:09:33.430, 2040 MHz, 6251 MHz, 27.52 W, 45, 0 %
2026/10/05 14:09:38.431, 2040 MHz, 6251 MHz, 27.51 W, 45, 0 %
2026/10/05 14:09:43.432, 2040 MHz, 6251 MHz, 27.55 W, 45, 0 %
2026/10/05 14:09:48.433, 2040 MHz, 6251 MHz, 27.57 W, 46, 0 %
2026/10/05 14:09:53.434, 2040 MHz, 6251 MHz, 27.70 W, 46, 0 %
2026/10/05 14:09:58.435, 2040 MHz, 6251 MHz, 27.74 W, 46, 0 %
2026/10/05 14:10:03.436, 2040 MHz, 6251 MHz, 27.59 W, 46, 0 %
2026/10/05 14:10:08.437, 2040 MHz, 6251 MHz, 30.47 W, 46, 0 %
2026/10/05 14:10:13.438, 2040 MHz, 6251 MHz, 27.74 W, 47, 0 %
2026/10/05 14:10:18.439, 2040 MHz, 6251 MHz, 27.79 W, 47, 0 %
2026/10/05 14:10:23.440, 2040 MHz, 6251 MHz, 27.80 W, 47, 0 %
2026/10/05 14:10:28.442, 2040 MHz, 6251 MHz, 27.87 W, 47, 0 %
2026/10/05 14:10:33.443, 1920 MHz, 6251 MHz, 61.51 W, 49, 50 %
2026/10/05 14:10:38.444, 2040 MHz, 6251 MHz, 28.13 W, 48, 0 %
2026/10/05 14:10:43.445, 2040 MHz, 6251 MHz, 27.89 W, 48, 0 %
2026/10/05 14:10:48.446, 2040 MHz, 6251 MHz, 28.32 W, 48, 0 %
2026/10/05 14:10:53.447, 2040 MHz, 6251 MHz, 28.40 W, 48, 0 %
2026/10/05 14:10:58.448, 2040 MHz, 6251 MHz, 21.94 W, 48, 0 %
2026/10/05 14:11:03.450, 1920 MHz, 6251 MHz, 49.43 W, 51, 53 %
2026/10/05 14:11:08.451, 2040 MHz, 6251 MHz, 29.05 W, 49, 2 %
2026/10/05 14:11:13.452, 2040 MHz, 6251 MHz, 28.89 W, 49, 0 %
2026/10/05 14:11:18.453, 2040 MHz, 6251 MHz, 28.07 W, 49, 0 %
2026/10/05 14:11:23.454, 2040 MHz, 6251 MHz, 29.66 W, 50, 7 %
2026/10/05 14:11:28.455, 2040 MHz, 6251 MHz, 29.28 W, 50, 4 %
2026/10/05 14:11:33.456, 2040 MHz, 6251 MHz, 22.19 W, 50, 0 %
